date,region,magnitude,affected_population,water_liters,food_kg,medicine_units,shelter_kits,ambulances_deployed,relief_teams
2020-04-12 23:33:17.959554,Delhi,7.1,291784,942180,217206,81506,58953,37,22
2020-05-03 23:33:17.959554,Delhi,7.3,152845,631240,101719,40102,31528,28,7
2020-08-30 23:33:17.959554,Delhi,4.1,371897,899653,202227,78395,89117,62,24
2020-09-06 23:33:17.959554,Delhi,4.1,322091,931513,351951,33274,68347,48,16
2020-09-20 23:33:17.959554,Delhi,4.9,184684,565087,103108,43742,40342,36,11
2020-11-15 23:33:17.959554,Delhi,6.0,106988,269918,86595,19066,25938,18,5
2021-01-03 23:33:17.959554,Delhi,4.7,15974,74531,17096,2802,2892,1,1
2021-01-10 23:33:17.959554,Delhi,5.8,429382,1351897,298002,51034,84857,59,22
2021-03-14 23:33:17.959554,Delhi,4.3,457328,951754,424155,114797,59799,74,23
2021-03-21 23:33:17.959554,Delhi,4.3,368730,1439481,270721,74871,58044,54,25
2021-06-20 23:33:17.959554,Delhi,3.3,6406,16503,7073,1008,1178,0,0
2021-08-15 23:33:17.959554,Delhi,7.3,474339,997820,674839,126925,92770,73,25
2021-08-29 23:33:17.959554,Delhi,7.4,463198,948078,620686,88684,59556,80,35
2021-10-31 23:33:17.959554,Delhi,5.7,56976,246909,35095,14565,7978,10,3
2021-12-05 23:33:17.959554,Delhi,7.5,353180,818635,190446,59137,57456,36,18
2021-12-26 23:33:17.959554,Delhi,6.5,177082,491946,197849,50033,33199,19,9
2022-04-17 23:33:17.959554,Delhi,3.3,161982,422507,215291,34144,24220,17,8
2022-06-05 23:33:17.959554,Delhi,6.0,323920,1208826,300729,41912,53490,56,28
2022-07-24 23:33:17.959554,Delhi,5.9,206537,827008,290440,45655,29827,32,20
2022-08-28 23:33:17.959554,Delhi,7.2,147691,698275,133218,18980,28190,18,9
2022-09-04 23:33:17.959554,Delhi,5.0,444137,1087720,642704,99034,62582,76,25
2022-09-25 23:33:17.959554,Delhi,4.1,49039,145089,54214,4921,7362,7,3
2022-12-25 23:33:17.959554,Delhi,4.8,137577,428277,192198,37893,27129,22,12
2023-01-08 23:33:17.959554,Delhi,5.9,143621,519107,208743,15232,24924,16,9
2023-01-15 23:33:17.959554,Delhi,7.3,256612,1066690,383720,33293,40338,47,19
2023-03-12 23:33:17.959554,Delhi,4.5,188985,918360,95995,43910,30952,28,15
2023-04-16 23:33:17.959554,Delhi,4.8,138145,381715,148624,36219,19484,16,10
2023-06-25 23:33:17.959554,Delhi,3.0,477226,1760212,578715,81567,82438,50,23
2023-08-27 23:33:17.959554,Delhi,6.3,250191,963445,266390,31552,50194,35,18
2023-10-22 23:33:17.959554,Delhi,3.5,127075,540712,181881,28644,17364,15,9
2023-11-12 23:33:17.959554,Delhi,3.2,125789,312225,163782,37728,19576,14,7
2023-11-19 23:33:17.959554,Delhi,5.9,89638,398536,123204,13832,14924,14,4
2023-11-26 23:33:17.959554,Delhi,4.2,291552,1164675,239934,32907,67261,31,17
2023-12-31 23:33:17.959554,Delhi,6.0,410544,935215,571367,42250,54927,55,27
2024-04-21 23:33:17.959554,Delhi,5.4,224216,693053,327011,56783,53203,26,19
2024-05-12 23:33:17.959554,Delhi,4.5,199781,776074,155577,21579,27817,22,13
2024-06-30 23:33:17.959554,Delhi,3.3,436900,1545715,557605,108587,58288,56,38
2024-09-08 23:33:17.959554,Delhi,6.4,37825,138082,49354,9618,9079,6,2
2024-12-01 23:33:17.959554,Delhi,5.4,272288,1276302,328480,40778,34545,30,13
2025-01-12 23:33:17.959554,Delhi,5.4,381633,1724291,243446,113921,48325,53,31
2020-04-12 23:33:17.959554,Punjab,6.8,77653,294034,89330,9389,14494,10,5
2020-05-10 23:33:17.959554,Punjab,3.9,374666,1297692,451561,81379,53621,45,19
2020-08-23 23:33:17.959554,Punjab,6.7,300059,1359248,349704,65991,59600,49,28
2020-09-13 23:33:17.959554,Punjab,3.2,238016,965709,279569,44008,47733,27,12
2020-11-22 23:33:17.959554,Punjab,5.8,38948,131589,42106,7014,7183,6,2
2021-01-03 23:33:17.959554,Punjab,5.7,356325,1484040,484068,106012,85995,54,28
2021-01-24 23:33:17.959554,Punjab,4.2,490124,1388706,448003,83304,64469,73,25
2021-02-14 23:33:17.959554,Punjab,6.5,402132,1567633,566031,97946,92362,41,31
2021-02-28 23:33:17.959554,Punjab,3.3,335101,964898,198096,84682,42765,38,18
2021-03-21 23:33:17.959554,Punjab,5.1,191516,677887,272618,56537,45729,22,11
2021-04-18 23:33:17.959554,Punjab,5.4,340028,1510141,448129,44878,43695,44,20
2021-05-23 23:33:17.959554,Punjab,4.7,199463,715776,244513,26815,28294,22,12
2021-06-06 23:33:17.959554,Punjab,6.9,435737,1645957,349585,125350,64209,44,30
2021-06-27 23:33:17.959554,Punjab,6.1,216276,497518,285599,41860,33671,24,13
2021-07-04 23:33:17.959554,Punjab,4.3,348149,1645463,423839,43167,56296,50,24
2021-08-08 23:33:17.959554,Punjab,5.7,477858,1890399,482129,95758,86654,59,29
2021-08-22 23:33:17.959554,Punjab,4.0,328544,1456146,321320,50916,49627,42,24
2021-11-07 23:33:17.959554,Punjab,6.1,28634,94404,26220,3510,4619,4,1
2021-12-26 23:33:17.959554,Punjab,7.4,217389,519507,282298,24210,44286,36,13
2022-01-02 23:33:17.959554,Punjab,4.6,52578,125146,56745,6171,9520,6,3
2022-01-23 23:33:17.959554,Punjab,5.3,435680,1868989,289329,73920,90257,86,28
2022-02-20 23:33:17.959554,Punjab,3.6,246382,546512,227940,63687,40505,31,20
2022-06-26 23:33:17.959554,Punjab,3.2,293496,1290727,314518,60017,61162,50,18
2022-10-09 23:33:17.959554,Punjab,4.3,465375,1888246,280778,99448,88662,76,28
2023-08-27 23:33:17.959554,Punjab,4.6,25570,66919,24050,4436,3826,2,1
2023-10-08 23:33:17.959554,Punjab,7.1,475549,2361135,348696,113248,66784,92,31
2023-11-12 23:33:17.959554,Punjab,3.8,137744,401803,146524,36477,19315,15,7
2023-12-03 23:33:17.959554,Punjab,3.5,340329,1691048,391508,77199,56154,34,19
2024-01-28 23:33:17.959554,Punjab,3.5,167094,500454,151028,30101,21057,18,8
2024-07-14 23:33:17.959554,Punjab,6.2,431332,895707,364662,62006,102233,47,36
2024-09-29 23:33:17.959554,Punjab,3.1,212630,798398,131349,32433,30359,22,16
2024-10-13 23:33:17.959554,Punjab,7.4,447093,1252552,244830,72973,60966,45,27
2025-01-26 23:33:17.959554,Punjab,3.7,454963,2230770,348908,90925,66551,50,34
2025-02-09 23:33:17.959554,Punjab,4.1,140108,573973,123911,22656,26074,18,7
2020-03-15 23:33:17.959554,Assam,7.2,411160,1940335,242806,88810,56738,73,27
2020-04-19 23:33:17.959554,Assam,6.8,473036,1188138,603145,111704,99446,48,43
2020-04-26 23:33:17.959554,Assam,4.0,143446,425042,136347,40844,30665,18,10
2020-05-10 23:33:17.959554,Assam,6.4,33321,148330,42001,5605,7940,3,2
2020-05-17 23:33:17.959554,Assam,3.3,195970,870042,281569,40427,30543,25,12
2020-05-31 23:33:17.959554,Assam,5.4,360152,1577213,202771,66548,82682,68,23
2020-06-14 23:33:17.959554,Assam,5.3,472708,1244016,237400,84543,94196,80,28
2020-06-28 23:33:17.959554,Assam,4.8,473059,2254985,511164,47594,80764,71,23
2020-07-12 23:33:17.959554,Assam,4.9,127958,451088,70194,29457,27374,13,11
2020-08-02 23:33:17.959554,Assam,5.7,184088,384582,275681,39269,26758,19,15
2020-09-13 23:33:17.959554,Assam,3.4,483312,1088586,497070,144673,111674,69,40
2020-09-20 23:33:17.959554,Assam,3.5,22185,95233,21614,6645,5111,2,1
2020-10-18 23:33:17.959554,Assam,3.0,377608,1234311,365979,69866,85606,38,31
2020-11-08 23:33:17.959554,Assam,6.4,144467,574749,135481,30229,32216,22,13
2020-11-15 23:33:17.959554,Assam,4.7,192115,501950,145630,43237,29478,27,17
2020-12-06 23:33:17.959554,Assam,4.7,284900,1195393,263858,63669,54676,38,16
2021-01-10 23:33:17.959554,Assam,5.6,79689,182701,109050,16359,10657,13,7
2021-01-17 23:33:17.959554,Assam,6.4,340009,1507629,397176,90615,44176,40,23
2021-02-14 23:33:17.959554,Assam,4.0,216421,899877,172286,37172,36296,27,12
2021-03-14 23:33:17.959554,Assam,5.5,240771,1057671,342618,69452,38997,28,23
2021-04-25 23:33:17.959554,Assam,7.4,497626,1356372,314913,55016,98368,59,25
2021-05-02 23:33:17.959554,Assam,4.7,203852,1007177,278788,29385,40851,28,10
2021-07-04 23:33:17.959554,Assam,3.5,134001,449927,91642,25211,24255,15,11
2021-07-25 23:33:17.959554,Assam,5.4,95061,454413,74284,25128,12369,16,7
2021-08-08 23:33:17.959554,Assam,6.6,473102,2007748,622466,83402,85824,71,43
2021-08-15 23:33:17.959554,Assam,4.6,150700,382974,77118,39919,36960,29,10
2021-09-12 23:33:17.959554,Assam,3.9,475278,953036,458597,88495,78008,76,27
2021-09-19 23:33:17.959554,Assam,3.6,84055,240617,118122,23284,11989,11,4
2021-10-03 23:33:17.959554,Assam,5.4,92682,448859,69203,13175,22105,9,7
2021-10-10 23:33:17.959554,Assam,4.7,324432,770186,220481,89587,45080,46,27
2021-10-17 23:33:17.959554,Assam,6.6,75096,359924,74492,10750,16154,11,4
2021-10-24 23:33:17.959554,Assam,3.9,407831,1364369,411665,103078,73525,50,21
2021-10-31 23:33:17.959554,Assam,4.2,435904,998764,336881,56478,94981,46,32
2021-11-14 23:33:17.959554,Assam,5.4,173951,542857,218307,31304,22082,21,9
2021-11-21 23:33:17.959554,Assam,5.8,3886,9305,4564,1059,586,0,0
2021-11-28 23:33:17.959554,Assam,6.8,128918,567945,148311,19364,29572,19,9
2021-12-05 23:33:17.959554,Assam,6.1,441351,2035746,281966,127748,61929,46,34
2021-12-12 23:33:17.959554,Assam,6.2,397126,1298845,203637,115906,62809,51,30
2021-12-19 23:33:17.959554,Assam,3.7,311386,1310361,344220,62940,52554,43,16
2022-01-02 23:33:17.959554,Assam,7.1,280977,1218059,415418,39662,36483,35,22
2022-01-23 23:33:17.959554,Assam,6.0,188184,487295,126940,38337,28838,23,12
2022-01-30 23:33:17.959554,Assam,5.3,375087,1351909,212777,57427,48472,45,23
2022-02-06 23:33:17.959554,Assam,6.5,81607,336993,62797,21104,19255,14,6
2022-02-20 23:33:17.959554,Assam,3.1,306221,1358414,441480,80328,69923,46,18
2022-03-06 23:33:17.959554,Assam,7.0,397813,910149,529661,77340,63158,54,30
2022-03-20 23:33:17.959554,Assam,4.3,367371,1433936,333807,80133,76279,61,25
2022-03-27 23:33:17.959554,Assam,7.0,79180,282211,47526,9601,17752,8,4
2022-04-24 23:33:17.959554,Assam,4.2,461149,2043261,619379,96796,67443,47,30
2022-05-01 23:33:17.959554,Assam,3.3,220188,488749,118516,56801,29538,40,15
2022-05-15 23:33:17.959554,Assam,4.6,490346,999855,619620,108735,80357,49,27
2022-05-22 23:33:17.959554,Assam,5.7,494346,2236579,356941,107324,114827,76,33
2022-06-05 23:33:17.959554,Assam,4.6,493220,1955004,497139,145448,118063,53,32
2022-07-03 23:33:17.959554,Assam,4.2,27118,133262,18190,5483,5497,2,1
2022-07-31 23:33:17.959554,Assam,4.0,417797,1334964,492442,122846,65215,79,34
2022-09-11 23:33:17.959554,Assam,4.0,222104,567446,293385,37015,34648,35,11
2022-09-18 23:33:17.959554,Assam,6.4,373306,1685991,325597,79079,61735,47,21
2022-10-02 23:33:17.959554,Assam,3.8,454031,1393237,400635,116607,97015,72,25
2022-10-23 23:33:17.959554,Assam,7.4,153595,549588,122497,24904,20806,16,13
2022-11-06 23:33:17.959554,Assam,3.7,230800,462037,299029,38467,51931,40,21
2022-12-04 23:33:17.959554,Assam,6.7,464823,2027989,578936,123296,62700,47,29
2023-01-15 23:33:17.959554,Assam,5.4,384732,1012737,558873,47924,51330,53,23
2023-01-22 23:33:17.959554,Assam,6.9,219318,1029922,247132,51536,40029,31,11
2023-02-19 23:33:17.959554,Assam,5.6,482269,2069795,692769,109760,71268,56,40
2023-02-26 23:33:17.959554,Assam,4.8,69854,296413,84052,13197,8851,7,5
2023-04-02 23:33:17.959554,Assam,5.2,495947,1103898,276315,59314,105091,88,25
2023-04-23 23:33:17.959554,Assam,3.4,260893,1054393,355626,77097,37157,26,20
2023-04-30 23:33:17.959554,Assam,6.3,110205,545411,100312,32644,18901,20,8
2023-05-07 23:33:17.959554,Assam,4.2,344345,1401110,363293,52841,48163,39,19
2023-05-14 23:33:17.959554,Assam,4.5,201669,729822,286433,23350,28691,20,10
2023-05-21 23:33:17.959554,Assam,6.8,272099,1292143,279263,68720,37771,34,15
2023-06-04 23:33:17.959554,Assam,6.0,392491,1134918,376749,93072,85136,43,20
2023-06-25 23:33:17.959554,Assam,4.4,289964,1117707,289688,53147,38444,37,28
2023-07-09 23:33:17.959554,Assam,7.4,142467,340173,141948,15286,29128,26,12
2023-08-20 23:33:17.959554,Assam,4.3,20454,89781,30358,2993,4903,2,1
2023-08-27 23:33:17.959554,Assam,5.1,214481,843265,255869,25821,44898,32,13
2023-09-03 23:33:17.959554,Assam,6.8,454707,1251655,332089,101522,59208,57,31
2023-09-17 23:33:17.959554,Assam,7.4,45335,128658,57795,11834,8835,4,2
2023-09-24 23:33:17.959554,Assam,5.4,389607,1338050,355508,78420,95676,41,31
2023-10-08 23:33:17.959554,Assam,5.7,280214,931422,387846,53941,35168,46,17
2023-11-05 23:33:17.959554,Assam,6.1,431462,1777674,277131,128148,81373,63,33
2023-12-03 23:33:17.959554,Assam,7.2,478264,1887631,647469,70611,64945,51,36
2023-12-17 23:33:17.959554,Assam,5.8,340601,1087862,497330,91050,65764,38,32
2024-02-04 23:33:17.959554,Assam,7.1,451823,1824540,625793,115924,62693,50,22
2024-03-03 23:33:17.959554,Assam,5.3,488208,1928799,556461,67030,120768,56,41
2024-03-24 23:33:17.959554,Assam,7.5,22837,100532,12161,2902,3044,2,1
2024-04-21 23:33:17.959554,Assam,7.1,393911,1083783,537030,58300,82479,68,36
2024-06-02 23:33:17.959554,Assam,4.8,348444,835782,316284,62432,47149,54,23
2024-06-23 23:33:17.959554,Assam,7.0,33635,126892,48099,8289,8245,4,1
2024-07-07 23:33:17.959554,Assam,3.2,241350,1202935,304378,41329,42629,28,12
2024-07-14 23:33:17.959554,Assam,7.2,46562,144684,57245,7746,5850,6,3
2024-07-28 23:33:17.959554,Assam,4.1,279745,564010,288122,61739,42702,46,15
2024-08-04 23:33:17.959554,Assam,5.2,161739,621080,88948,24039,24014,26,12
2024-09-01 23:33:17.959554,Assam,3.9,432208,1550552,317105,107849,91094,74,29
2024-09-15 23:33:17.959554,Assam,6.8,77241,342281,103552,16721,16726,8,5
2024-09-22 23:33:17.959554,Assam,5.8,495185,1238630,376154,89949,66584,51,26
2024-10-06 23:33:17.959554,Assam,6.1,363471,1122622,235755,91988,45873,45,32
2024-10-20 23:33:17.959554,Assam,3.3,462207,1153183,411946,135514,77256,51,33
2024-10-27 23:33:17.959554,Assam,3.4,209416,924315,197183,59993,28148,29,13
2024-11-03 23:33:17.959554,Assam,5.7,317687,1297342,362362,93686,70531,33,17
2024-11-10 23:33:17.959554,Assam,5.5,310994,699801,201019,44967,60165,39,18
2024-11-24 23:33:17.959554,Assam,3.1,342362,1533087,253385,79735,49769,40,20
2024-12-01 23:33:17.959554,Assam,5.3,152812,320088,135762,34886,34637,26,9
2024-12-08 23:33:17.959554,Assam,3.6,400763,857708,537308,85250,73096,65,34
2025-01-05 23:33:17.959554,Assam,6.7,444721,1382595,564406,61746,86646,62,35
2025-01-12 23:33:17.959554,Assam,6.0,456013,1161991,624878,88767,75943,47,44
2025-02-23 23:33:17.959554,Assam,4.7,297119,994439,267718,52814,37772,32,26
2025-03-02 23:33:17.959554,Assam,5.8,286092,1261302,223469,79234,41196,29,28
2020-03-15 23:33:17.959554,Maharashtra,4.1,267699,1313280,298508,60239,43153,29,14
2020-04-26 23:33:17.959554,Maharashtra,5.3,311167,623075,404826,44262,59597,45,21
2020-05-24 23:33:17.959554,Maharashtra,7.2,455714,1024404,250004,45924,62507,74,43
2020-06-07 23:33:17.959554,Maharashtra,3.7,252737,1201001,337374,38315,39904,50,22
2020-06-14 23:33:17.959554,Maharashtra,3.4,91531,454489,87865,24092,13923,10,5
2020-07-19 23:33:17.959554,Maharashtra,5.2,490834,1548180,373698,128482,73113,58,26
2020-10-04 23:33:17.959554,Maharashtra,7.0,100794,256557,60379,15171,16468,10,7
2020-11-08 23:33:17.959554,Maharashtra,7.4,378509,1731635,467530,75945,65895,50,37
2020-12-13 23:33:17.959554,Maharashtra,5.1,443488,1297601,546474,93997,67541,81,35
2021-01-10 23:33:17.959554,Maharashtra,3.3,373277,1411886,221261,85392,87593,41,28
2021-02-21 23:33:17.959554,Maharashtra,6.7,262060,1147393,325517,52167,45430,28,13
2021-02-28 23:33:17.959554,Maharashtra,6.5,316632,1354638,259678,56242,53139,33,19
2021-03-14 23:33:17.959554,Maharashtra,3.3,179404,364586,115263,39413,25315,29,11
2021-03-21 23:33:17.959554,Maharashtra,7.4,296010,830914,167049,43810,48075,31,27
2021-04-18 23:33:17.959554,Maharashtra,6.5,39878,167873,29885,5474,5134,6,3
2021-05-16 23:33:17.959554,Maharashtra,5.3,239501,626638,212489,51309,46784,29,21
2021-07-18 23:33:17.959554,Maharashtra,3.8,390992,1487057,252549,111455,72180,45,29
2021-09-12 23:33:17.959554,Maharashtra,7.0,150945,342229,184796,28384,23339,16,7
2021-10-17 23:33:17.959554,Maharashtra,7.3,306907,899062,391285,53635,70677,39,22
2021-10-31 23:33:17.959554,Maharashtra,6.2,368776,1380058,219829,41774,52780,72,27
2021-11-21 23:33:17.959554,Maharashtra,5.9,451305,910041,588575,86679,82547,51,37
2021-12-05 23:33:17.959554,Maharashtra,7.3,435100,1829730,531362,103748,60855,58,28
2021-12-19 23:33:17.959554,Maharashtra,5.5,144788,526784,161962,41447,22932,27,9
2021-12-26 23:33:17.959554,Maharashtra,7.0,164199,540679,139041,32991,23022,19,8
2022-01-16 23:33:17.959554,Maharashtra,6.9,42191,86848,61971,10058,9533,6,2
2022-04-03 23:33:17.959554,Maharashtra,7.2,454828,1762405,231331,109652,72368,45,37
2022-04-10 23:33:17.959554,Maharashtra,6.7,270308,707825,343389,40071,47694,46,16
2022-05-01 23:33:17.959554,Maharashtra,4.6,179604,793211,138896,40720,26999,26,9
2022-05-29 23:33:17.959554,Maharashtra,4.2,472584,1805219,323208,96491,61261,80,38
2022-06-26 23:33:17.959554,Maharashtra,7.1,19893,98807,24831,4859,3626,2,1
2022-07-03 23:33:17.959554,Maharashtra,4.6,116580,567023,150933,29663,16914,13,7
2022-10-02 23:33:17.959554,Maharashtra,5.3,493703,1873445,641721,147862,84483,52,32
2022-10-09 23:33:17.959554,Maharashtra,5.7,458728,2107838,668960,53864,69343,79,41
2022-10-16 23:33:17.959554,Maharashtra,5.6,93114,452086,130595,24201,20056,10,6
2022-11-06 23:33:17.959554,Maharashtra,3.7,421076,2060686,255707,87387,78735,45,30
2023-02-05 23:33:17.959554,Maharashtra,5.5,234916,936604,238111,63200,29921,39,21
2023-03-26 23:33:17.959554,Maharashtra,4.9,351830,1337340,198377,74438,70597,35,28
2023-04-09 23:33:17.959554,Maharashtra,5.3,20174,68629,10463,2324,3358,2,1
2023-05-14 23:33:17.959554,Maharashtra,4.2,226311,897855,261598,46618,39006,23,11
2023-05-21 23:33:17.959554,Maharashtra,3.9,408234,2017021,207092,55827,69567,44,30
2023-07-02 23:33:17.959554,Maharashtra,5.0,332801,1329848,461015,74919,54026,39,28
2023-07-30 23:33:17.959554,Maharashtra,4.9,27204,131981,38960,4853,4769,3,1
2023-08-06 23:33:17.959554,Maharashtra,4.3,263757,1090509,176758,70040,44936,43,24
2023-08-13 23:33:17.959554,Maharashtra,6.8,437304,1936584,312889,81545,65318,53,32
2023-11-12 23:33:17.959554,Maharashtra,5.2,57537,193104,72439,11550,13728,7,3
2023-12-03 23:33:17.959554,Maharashtra,3.6,233978,782479,341261,65556,48661,40,17
2024-03-10 23:33:17.959554,Maharashtra,3.2,3566,14069,4794,791,458,0,0
2024-04-14 23:33:17.959554,Maharashtra,5.6,484276,2308278,269133,141795,70215,66,42
2024-08-04 23:33:17.959554,Maharashtra,4.2,344481,733266,334511,85699,74218,38,17
2024-09-08 23:33:17.959554,Maharashtra,7.0,496255,1663745,498948,135460,94945,91,47
2024-09-15 23:33:17.959554,Maharashtra,3.9,370329,1705129,214365,37308,64185,55,34
2024-09-22 23:33:17.959554,Maharashtra,5.9,139981,368486,113723,25812,27778,15,13
2024-10-06 23:33:17.959554,Maharashtra,3.6,351898,1093164,231905,38555,50031,48,20
2024-10-27 23:33:17.959554,Maharashtra,6.5,125892,487673,104313,32655,15944,18,9
2024-12-01 23:33:17.959554,Maharashtra,7.0,319160,1268324,206187,52680,65113,32,20
2024-12-22 23:33:17.959554,Maharashtra,4.3,269996,1307125,241401,42764,58476,32,24
2025-02-09 23:33:17.959554,Maharashtra,5.1,180704,434927,252842,44392,33996,32,17
2025-02-23 23:33:17.959554,Maharashtra,7.1,101994,482406,68956,13602,12871,12,5
2020-03-15 23:33:17.959554,Sikkim,3.6,82511,411377,56063,13263,19269,13,5
2020-03-22 23:33:17.959554,Sikkim,7.2,31230,144952,34930,8152,4078,3,2
2020-04-12 23:33:17.959554,Sikkim,5.7,224734,679761,221686,67215,36994,24,21
2020-05-03 23:33:17.959554,Sikkim,4.5,482399,2042091,701547,104098,113824,86,33
2020-05-10 23:33:17.959554,Sikkim,4.0,120183,398663,93200,20993,21175,13,10
2020-05-17 23:33:17.959554,Sikkim,4.6,392774,1306328,402823,58667,54194,52,31
2020-06-14 23:33:17.959554,Sikkim,6.3,154562,521202,125097,38749,23541,18,7
2020-06-21 23:33:17.959554,Sikkim,4.9,199604,826849,272146,53500,25671,38,14
2020-06-28 23:33:17.959554,Sikkim,3.3,169300,757860,126735,46879,25330,20,13
2020-07-19 23:33:17.959554,Sikkim,3.9,349289,1661773,184496,89352,46903,45,32
2020-07-26 23:33:17.959554,Sikkim,7.3,406725,1018257,429280,99472,53575,45,23
2020-08-02 23:33:17.959554,Sikkim,6.0,86025,333455,106196,19870,19912,14,6
2020-08-23 23:33:17.959554,Sikkim,4.5,220406,905555,165277,42695,40639,22,15
2020-08-30 23:33:17.959554,Sikkim,4.2,25872,99516,17667,4115,3552,3,1
2020-09-06 23:33:17.959554,Sikkim,6.4,499913,2142382,316616,124300,65969,69,40
2020-09-13 23:33:17.959554,Sikkim,5.1,141830,507796,197137,29242,26489,26,7
2020-09-27 23:33:17.959554,Sikkim,3.5,456050,1640106,371925,122054,108502,51,27
2020-10-04 23:33:17.959554,Sikkim,5.9,11392,30410,8635,3390,2387,1,0
2020-10-25 23:33:17.959554,Sikkim,7.4,174644,747678,187510,34825,37373,33,16
2020-11-01 23:33:17.959554,Sikkim,6.9,64627,261582,44167,18178,10303,7,3
2020-11-15 23:33:17.959554,Sikkim,6.7,10839,34030,9667,1114,2099,1,0
2020-11-22 23:33:17.959554,Sikkim,3.8,238590,762748,223502,61924,40100,28,15
2020-11-29 23:33:17.959554,Sikkim,5.5,110323,358002,108279,11514,24652,13,10
2020-12-20 23:33:17.959554,Sikkim,3.4,374238,919958,425071,50541,71098,67,28
2020-12-27 23:33:17.959554,Sikkim,3.0,187517,690058,106148,23157,40767,27,15
2021-02-14 23:33:17.959554,Sikkim,4.8,141610,453364,177084,23532,23119,27,8
2021-02-21 23:33:17.959554,Sikkim,4.4,463298,2255172,326343,103161,70795,47,30
2021-03-21 23:33:17.959554,Sikkim,3.3,202755,624151,245963,37384,31914,28,11
2021-04-04 23:33:17.959554,Sikkim,7.0,496757,1990517,612349,113669,104670,67,39
2021-05-02 23:33:17.959554,Sikkim,4.2,379313,1626220,509843,38717,74499,52,26
2021-05-23 23:33:17.959554,Sikkim,4.6,381850,1259743,205553,84063,53188,56,19
2021-05-30 23:33:17.959554,Sikkim,7.1,121652,407436,101106,30153,22627,23,9
2021-07-04 23:33:17.959554,Sikkim,4.9,467283,984957,415057,69044,81118,67,24
2021-07-11 23:33:17.959554,Sikkim,4.0,381655,1065415,453695,43440,75293,72,20
2021-07-18 23:33:17.959554,Sikkim,7.0,164009,571820,126906,23505,29387,24,8
2021-08-01 23:33:17.959554,Sikkim,3.6,481356,1914054,613129,83062,113872,50,36
2021-08-15 23:33:17.959554,Sikkim,3.1,355114,1474416,412877,41060,80742,39,33
2021-08-22 23:33:17.959554,Sikkim,6.4,469791,2151484,320291,73278,78975,93,30
2021-08-29 23:33:17.959554,Sikkim,4.9,254685,1056801,219630,45965,58139,35,12
2021-10-17 23:33:17.959554,Sikkim,7.3,225135,1038471,174411,49938,56033,30,16
2021-11-21 23:33:17.959554,Sikkim,4.8,346477,797344,418866,40752,53200,66,19
2021-11-28 23:33:17.959554,Sikkim,5.6,424187,1765696,360765,99879,60548,70,37
2021-12-12 23:33:17.959554,Sikkim,5.0,277221,759145,376277,36112,66923,33,19
2021-12-19 23:33:17.959554,Sikkim,4.2,65951,258324,97290,7710,15116,7,3
2022-01-23 23:33:17.959554,Sikkim,3.4,338301,1555452,364830,79685,52171,63,20
2022-03-20 23:33:17.959554,Sikkim,5.7,88040,198994,68892,11457,13901,16,8
2022-04-03 23:33:17.959554,Sikkim,6.3,91264,256435,99475,11422,13395,9,7
2022-04-10 23:33:17.959554,Sikkim,5.7,468328,1720969,457503,71114,75173,47,27
2022-05-01 23:33:17.959554,Sikkim,5.5,17907,81572,14067,5065,4318,2,1
2022-05-15 23:33:17.959554,Sikkim,6.9,100827,435261,53313,25993,21164,13,8
2022-06-12 23:33:17.959554,Sikkim,7.2,257127,1248137,266272,49366,36287,43,21
2022-06-19 23:33:17.959554,Sikkim,3.2,317955,901481,468282,35841,67281,32,21
2022-07-10 23:33:17.959554,Sikkim,3.6,85290,388430,73234,24483,16438,10,5
2022-07-17 23:33:17.959554,Sikkim,5.5,304376,1049346,370999,68236,58530,34,26
2022-07-24 23:33:17.959554,Sikkim,3.3,115327,255456,111809,15223,17801,13,6
2022-07-31 23:33:17.959554,Sikkim,5.4,171180,845804,181276,26853,21987,19,9
2022-08-07 23:33:17.959554,Sikkim,5.1,150527,731997,185941,27787,20876,24,11
2022-08-14 23:33:17.959554,Sikkim,6.4,456600,2142919,364754,80517,62187,81,27
2022-09-04 23:33:17.959554,Sikkim,4.0,376872,1230260,366133,89188,92101,39,29
2022-09-11 23:33:17.959554,Sikkim,7.2,8958,42771,10251,2363,1566,0,0
2022-09-25 23:33:17.959554,Sikkim,6.1,146223,545084,105741,26763,23024,23,8
2022-10-02 23:33:17.959554,Sikkim,6.2,463739,1294562,677003,116711,111125,75,28
2022-11-06 23:33:17.959554,Sikkim,7.2,155580,487473,82662,17830,31527,16,7
2022-11-27 23:33:17.959554,Sikkim,3.5,296800,1089880,269722,41384,59621,47,15
2022-12-04 23:33:17.959554,Sikkim,5.2,339739,831370,438325,90435,43692,64,20
2022-12-11 23:33:17.959554,Sikkim,7.2,493365,1541635,717632,114261,81319,60,26
2023-01-08 23:33:17.959554,Sikkim,3.7,322973,904602,403317,37897,53192,58,29
2023-01-15 23:33:17.959554,Sikkim,3.6,483580,1197809,632965,79184,112380,57,47
2023-01-29 23:33:17.959554,Sikkim,3.4,72800,321380,60596,20905,10028,10,4
2023-02-19 23:33:17.959554,Sikkim,4.5,61393,301781,71101,10530,12193,8,3
2023-03-12 23:33:17.959554,Sikkim,6.5,132730,618979,124049,29832,19329,15,8
2023-03-19 23:33:17.959554,Sikkim,3.1,127902,373604,135856,17515,16448,16,7
2023-04-02 23:33:17.959554,Sikkim,7.2,98714,423378,143566,25263,18658,10,7
2023-04-09 23:33:17.959554,Sikkim,4.4,335784,1573165,290489,44228,80677,38,22
2023-04-30 23:33:17.959554,Sikkim,6.5,397203,1791908,234414,114645,64962,53,28
2023-05-07 23:33:17.959554,Sikkim,3.8,481852,1113530,271694,92863,78398,50,40
2023-05-21 23:33:17.959554,Sikkim,7.4,316192,981235,307450,46594,59909,39,30
2023-06-25 23:33:17.959554,Sikkim,5.2,47877,104574,38566,11990,7188,5,2
2023-07-09 23:33:17.959554,Sikkim,3.2,87242,321047,99483,24532,17937,17,5
2023-08-27 23:33:17.959554,Sikkim,5.2,84441,219604,83767,15495,14112,9,7
2023-09-17 23:33:17.959554,Sikkim,7.1,84412,251454,112941,11456,18174,11,4
2023-10-01 23:33:17.959554,Sikkim,7.3,86758,288946,70533,18375,12429,10,4
2023-10-08 23:33:17.959554,Sikkim,6.1,272941,805777,153782,61324,66985,29,14
2023-12-10 23:33:17.959554,Sikkim,3.5,173900,801744,90725,23598,34438,19,16
2023-12-31 23:33:17.959554,Sikkim,4.9,494723,1106321,568584,93707,66023,55,31
2024-01-14 23:33:17.959554,Sikkim,7.4,239654,934790,144211,57175,47794,29,16
2024-01-21 23:33:17.959554,Sikkim,5.6,478514,1247832,629473,113073,77367,55,24
2024-02-11 23:33:17.959554,Sikkim,4.7,215691,716579,127952,29103,49673,29,12
2024-03-10 23:33:17.959554,Sikkim,6.0,6494,20687,9508,1619,920,0,0
2024-03-31 23:33:17.959554,Sikkim,6.9,399788,1818502,489459,83287,53170,66,38
2024-04-07 23:33:17.959554,Sikkim,6.4,439933,1383406,466574,107159,57324,52,26
2024-04-14 23:33:17.959554,Sikkim,7.1,403276,1646283,401614,87808,96711,74,23
2024-04-28 23:33:17.959554,Sikkim,4.3,72297,159958,46963,7304,10856,7,4
2024-05-26 23:33:17.959554,Sikkim,4.3,454473,2236963,560174,135668,77828,62,34
2024-06-02 23:33:17.959554,Sikkim,6.8,188226,535196,101504,45105,28489,30,9
2024-06-30 23:33:17.959554,Sikkim,6.2,264379,1196450,144419,39479,61101,34,23
2024-07-07 23:33:17.959554,Sikkim,3.9,136766,517143,93552,38136,20658,14,12
2024-08-18 23:33:17.959554,Sikkim,4.1,110961,314761,117624,17943,24059,16,6
2024-08-25 23:33:17.959554,Sikkim,6.2,490142,2188112,713537,95169,80608,50,47
2024-09-01 23:33:17.959554,Sikkim,7.0,87027,411963,60082,21317,12259,10,5
2024-09-15 23:33:17.959554,Sikkim,4.1,362484,1001493,186255,100290,89755,41,25
2024-10-13 23:33:17.959554,Sikkim,7.5,411481,1756978,228722,80811,67729,61,24
2024-11-03 23:33:17.959554,Sikkim,3.6,499659,2314133,581206,134018,99332,66,37
2024-11-10 23:33:17.959554,Sikkim,3.2,416061,1230281,608936,60403,57271,51,32
2024-11-17 23:33:17.959554,Sikkim,4.2,424244,1870705,391932,74153,53632,42,42
2024-12-01 23:33:17.959554,Sikkim,3.1,91544,264127,78718,21407,12651,9,4
2025-01-05 23:33:17.959554,Sikkim,4.0,12917,46618,17004,2250,3046,1,0
2025-03-02 23:33:17.959554,Sikkim,5.0,113288,477111,106910,23171,16585,16,6
2020-03-22 23:33:17.959554,Rajasthan,5.9,424957,1874753,388300,116231,72991,44,39
2020-04-05 23:33:17.959554,Rajasthan,4.1,136234,283019,200464,18883,20081,16,13
2020-06-21 23:33:17.959554,Rajasthan,6.4,228823,1108983,302888,35635,42830,25,17
2020-08-02 23:33:17.959554,Rajasthan,7.0,116357,480504,99621,24968,25742,14,8
2020-10-18 23:33:17.959554,Rajasthan,6.8,304555,1446999,312472,82718,52954,30,30
2020-10-25 23:33:17.959554,Rajasthan,5.6,324826,1138214,456222,51999,56855,56,19
2020-12-06 23:33:17.959554,Rajasthan,4.2,317280,1576120,305154,36557,64716,59,25
2021-01-24 23:33:17.959554,Rajasthan,7.3,29519,143716,29041,8035,5847,5,1
2021-02-14 23:33:17.959554,Rajasthan,5.0,173486,625570,245700,49757,41735,31,12
2021-03-28 23:33:17.959554,Rajasthan,5.1,400329,1141645,522243,78245,99790,41,20
2021-04-11 23:33:17.959554,Rajasthan,5.7,464547,2211496,495570,83843,66257,66,28
2021-06-06 23:33:17.959554,Rajasthan,5.5,486803,1673747,426063,54831,115174,78,37
2021-08-29 23:33:17.959554,Rajasthan,5.9,311831,1114132,275020,81911,42475,42,30
2021-09-05 23:33:17.959554,Rajasthan,4.9,2978,7155,2127,730,577,0,0
2021-09-12 23:33:17.959554,Rajasthan,5.4,164504,740059,214997,23514,27745,21,8
2021-10-24 23:33:17.959554,Rajasthan,3.8,478344,2312530,334707,135379,89957,59,30
2021-12-05 23:33:17.959554,Rajasthan,3.3,29668,138773,44186,7923,5445,4,1
2021-12-19 23:33:17.959554,Rajasthan,5.2,33697,83607,32558,3401,7892,6,1
2022-01-23 23:33:17.959554,Rajasthan,6.7,443040,2033880,530154,129436,65983,81,25
2022-02-20 23:33:17.959554,Rajasthan,7.0,315082,757039,241520,36690,49376,57,16
2022-06-12 23:33:17.959554,Rajasthan,6.1,475239,2357970,376679,61699,101431,59,25
2022-08-28 23:33:17.959554,Rajasthan,6.0,48821,129385,44194,12802,7011,7,2
2022-09-25 23:33:17.959554,Rajasthan,5.3,174999,463234,186974,28414,25691,21,10
2022-12-04 23:33:17.959554,Rajasthan,3.3,332113,1272153,456127,33340,42951,54,24
2022-12-25 23:33:17.959554,Rajasthan,6.3,402730,1382443,513015,45263,58276,46,36
2023-01-15 23:33:17.959554,Rajasthan,5.3,270587,1147081,351049,28886,49374,29,21
2023-03-05 23:33:17.959554,Rajasthan,5.1,24425,84841,30520,7015,4617,3,1
2023-03-19 23:33:17.959554,Rajasthan,6.4,81851,317661,119484,13798,15010,11,4
2023-07-16 23:33:17.959554,Rajasthan,4.9,323251,1217053,364308,80367,80536,61,23
2023-07-23 23:33:17.959554,Rajasthan,5.5,104342,490541,105571,19856,15291,14,5
2023-08-20 23:33:17.959554,Rajasthan,5.8,223013,514821,121383,62141,34321,31,17
2023-09-10 23:33:17.959554,Rajasthan,5.6,7215,17671,8559,1962,1111,1,0
2023-12-10 23:33:17.959554,Rajasthan,6.6,152738,716605,173401,20890,30069,28,11
2024-03-10 23:33:17.959554,Rajasthan,7.3,409482,1543498,561272,56328,57792,47,25
2024-04-14 23:33:17.959554,Rajasthan,3.1,248713,909576,145613,42951,32237,30,22
2024-06-16 23:33:17.959554,Rajasthan,6.8,359869,1469903,420805,85854,71272,68,34
2024-06-23 23:33:17.959554,Rajasthan,4.6,26126,125750,16401,3667,4429,4,1
2024-07-07 23:33:17.959554,Rajasthan,5.9,83902,222326,64326,24525,14593,8,5
2024-07-21 23:33:17.959554,Rajasthan,3.9,200657,737938,124411,48972,34283,20,16
2024-08-11 23:33:17.959554,Rajasthan,6.3,121347,536769,155441,34493,16511,14,11
2024-08-18 23:33:17.959554,Rajasthan,6.4,397625,1016896,323861,90873,72101,51,29
2024-09-15 23:33:17.959554,Rajasthan,4.9,313560,1204867,428584,35576,44542,46,16
2024-10-06 23:33:17.959554,Rajasthan,6.9,456900,1864140,374392,133648,94252,66,32
2024-12-29 23:33:17.959554,Rajasthan,4.3,103026,385282,64462,27689,13732,13,7
2025-02-16 23:33:17.959554,Rajasthan,4.1,264395,936144,234823,38072,43245,29,13
